title,price,offer_percentage,sold
SKMEI Fashion Quartz Waterproof Creative Stainless Steel Business Watch For Men 1260 Black  Ghori Wala,৳ 495,51% Off,471 sold
POEDAGAR Luxury Watch Business Waterproof Male Clock Luminous Date Stainless Steel Square Quartz Men Watch 613,৳ 999,45% Off,421 sold
mens watch mens Digital smart watch boy smart watch beautiful design,৳ 120,60% Off,260 sold
SKMEI 1787 Rotation Wheels Fashion Men Stainless Steel Watch For Man,৳ 799,48% Off,48 sold
POEDAGAR Men Watch Top Brand Luxury Business Quartz Mens Watches Full Steel Waterproof Luminous Wristwatch Men Relogio Masculino,৳ 630,50% Off,275 sold
(Ready Stock) Original G-Shock Men Sport Digital Classic Square Watch Shockproof and Waterproof Stainless Steel Band Sports Business Wrist Watches with 2 Year International Warranty F91W,৳ 699,52% Off,72 sold
SKMEI 1787 Fashion Creative Cool Black Watch Cutout Concept Dial Metal Style Waterproof Sports Watch For Men,৳ 849,59% Off,119 sold
SANDA Couple Watch 30M Waterproof Casual Fashion Women Men Quartz Watches Wear Resistant Leather Strap Square Dial Design Reloj,"৳ 1,696",50% Off,628 sold
Top Luxury Brand Couple Watch For Women Men Clock Male Calendar Love Dial Quartz Wrist Watches Leather Ladies Man Watch,৳ 512,71% Off,1.2K sold
6PCS Set Women Love Dial Watch Brand Design Female Clock Pink Leather Band Ladies Watches Simple Casual Quartz Wristwatches,৳ 946,50% Off,740 sold
Olevs Luxury Fashion Stainless Steel Unique Design Diamond Cutting Glass Wrist-Watche For Men,৳ 599,56% Off,1.0K sold
Luxury 9931 Trendy Korean Style Luminous Calendar With Individual Gift Box Couple Watch,"৳ 1,140",55% Off,78 sold
Digital Watch Fashion Watch for Mens Sports Waterproof Simple Silicone Electronic Watch - Men Seeking Fashion and Style,৳ 94,73% Off,1.2K sold
TRSOYE luxury leather belt fashion quartz wrist-watche for men,৳ 299,78% Off,132 sold
Stylish OLIVS Stainless Steel Lather Band Fashionable Man Watch,৳ 387,48% Off,66 sold
FORSINING 8202 luxury Automatic Mechanical Watch,"৳ 3,598",47% Off,224 sold
SKMEI 1505 Men Digital Sport Watches Rectangle Gold Wristwatch for Male LED Stopwatch Touch Watch For men,৳ 399,80% Off,28 sold
Leather Analog Wrist Watch For Men - Black And white,৳ 158,67% Off,68 sold
New Fashionable stainless analogue Hand watches for men's - Watch,৳ 129,72% Off,107 sold
Digital Watch Waterproof Watch for Men's Sports Waterproof Simple Silicone Watch for men,৳ 195,68% Off,25 sold
Current 8 Man leather analog watch for men,৳ 140,72% Off,50 sold
TRSOYE Men Fashion Watch Stainless Steel Quartz Watch - Watch For Men Remarkable - Disclose Styles & Luxe,৳ 620,65% Off,78 sold
Black color Stylish waterproof watch for unisex,৳ 500,N/A,9 sold
OLEVS MEN'S WATCHES TOP BRAND LUXURY ORIGINAL WATERPROOF QUARTZ WATCH FOR MAN GOLD SKELETON STYLE 24 HOUR DAY NIGHT NEW,৳ 777,39% Off,143 sold
Digital Stop watch Timer,৳ 299,40% Off,341 sold
NEW LASIKA W-F110 Digital Water Resistance/Waterproof Silicon Sports Digital Watch for Men - Watch For Men - Watch - ঘড়ি,৳ 255,36% Off,749 sold
LED Watch That For Everyone - Watches  wonder full watches,৳ 250,50% Off,16 sold
New Men's Business Luxury Watch Stainless Clock Steel Analog Quartz watch,৳ 270,46% Off,19 sold
Paidu Wrist Watch for men,৳ 165,63% Off,293 sold
Rosra Steeliness Steel Watch For Men\'s black matte,৳ 380,55% Off,9 sold
OLI-VS 9931 Trendy Korean Style Luminous Calendar With Individual Gift Box Couple Watch,"৳ 1,140",55% Off,45 sold
TRSOYE new luxury fashion leather belt wrist-watche for men,৳ 434,70% Off,5 sold
New Men's Business Luxury Watch Stainless Clock Steel Analog Quartz watch,৳ 279,44% Off,8 sold
premium quality Boy's Digital Waterproof Sport Fashion Luxury Military Quartz Watch Alarm Day Time LED Wristwatches With BOX,৳ 299,65% Off,N/A
New Men's Business Luxury Watch Stainless Clock Steel Analog Quartz watch,৳ 279,44% Off,6 sold
NEW BINBOND With Box Top Brand Luxury Military Fashion Sport Watch Men Gold Wrist Watch Man Clock Casual Chronograph Wristwatch - Watch For Men - Watch,৳ 449,63% Off,7 sold
Apple Replica LED Digital Analog Silicon Belt Sports Watch for Men,৳ 295,55% Off,N/A
POEDAGAR Top Brand Luxury Men Watch Waterproof Luminous Stainless Steel Watches Sport Quartz Clock Mens Date Business Wristwatch,"৳ 1,143",71% Off,91 sold
New Men's Business Luxury Watch Stainless Clock Steel Analog Quartz watch,৳ 270,46% Off,5 sold
SKMEI 9268 Luxurious Fashionable Top Brand Waterproof Stainless Steel Quartz Wristwatch For Men,৳ 665,62% Off,7 sold
